Hashtag,Frequency
#foodporn,20
#streetfood,15
#foodtalkindia,12
#foodie,10
#sanjyotkeer,10
#dilsefoodie,10
#dilsecouple,10
#yourfoodlab,10
#indiancuisine,8
#indianfood,8
#foodgasm,7
#recipe,7
#streetfoodindia,7
#foodblogger,7
#foodieincarnate,6
#foodlover,6
#foodgram,6
#delhigram,6
#sodelhi,6
#newdelhi,6
#foodtalk,6
#delhifoodie,5
#indianstreetfood,5
#desikhana,5
#delhifoodblogger,5
#delhifood,5
#indianfoodie,5
#delhi,5
#reels,4
#reelkarofeelkaro,4
#foodpornshare,4
#Reelitfeelit,4
#foodiesofinstagram,4
#mumbai,4
#Foodieincarnate,4
#foodphotography,4
#delhistreetfood,4
#indianfoodbloggers,4
#indianfoodblogger,4
#reelsinstagram,4
#homemade,4
#mumbaistreetfood,4
#cocktails,3
#HotFind,3
#hongkong,3
#hk,3
#drinks,3
#discoverhongkong,3
#drinking,3
#drink,3
#amritsar,3
#food,3
#promo,3
#viralfood,3
#discoveryplus,3
#HolidayCentral,3
#nagpur,2
#instagood,2
#pizza,2
#viralvideos,2
#eggcurry,2
#surat,2
#foodpics,2
#indiansweets,2
#TeamDuff,2
#BuddyVsDuff,2
#foodies,2
#toasties,2
#kulchas,2
#kulchalover,2
#amritsarikulcha,2
#tipsandtricks,2
#specialrecipe,2
#chutneyrecipe,2
#dessert,2
#specialchutney,2
#mithai,2
#cocktail,2
#eggrecipes,2
#zerowastecocktail,2
#sustainablecocktails,2
#GIVEAWAYALERT,1
#laddoo,1
#punjabifood,1
#rasgulla,1
#amritsarifood,1
#festival,1
#ambarsar,1
#desighee,1
#almonds,1
#badam,1
#healthyfoodideas,1
#winterfood,1
#amritsari,1
#pakistanifood,1
#burgers,1
#sokolkata,1
#somumbai,1
#music,1
#delhi_iger,1
#proteinrich,1
#delhi_igers,1
#GirlMeetsFarm,1
#instagiveaway,1
#earthen,1
#Pizza,1
#chooseone,1
#delicious,1
#fastfood,1
#budgetfriendly,1
#budget,1
#hotfind,1
#whiskeylover,1
#whiskey,1
#BudgetWhiskies,1
#pizzalover,1
#fti,1
#milktea,1
#giveaway,1
#hkstylemilktea,1
#negroni,1
#hongkongnegroni,1
#hkcocktails,1
#LanternsOverHongKong,1
#foodtalkindia❤️,1
#laddu,1
#instamusic,1
#musicfestival,1
#freepass,1
#contest,1
#kajuatli,1
#chilla,1
#pinni,1
#desifood,1
#healthyrecipes,1
#healthtips,1
#healthyfood,1
#rolls,1
#eggetarian,1
#eggs,1
#anda,1
#indiancurry,1
#curry,1
#easyrecipes,1
#nonvegetarian,1
#nonveg,1
#chickenlover,1
#chickensofinstagram,1
#chickentikka,1
#chickenrecipes,1
#chicken,1
#ricerecipes,1
#promovideo,1
#burntchilligarlicfriedrice,1
#friedrice,1
#rice,1
#FoodNetworkObsessed,1
#HereForTheHolidays,1
#GiadaEntertains,1
#SouthernKitchen,1
#teamduff,1
#discoveryrise,1
#HolidayBakingChampionship,1
#healthyeating,1
#chakhna,1
#foodstyling,1
#sweettooth,1
#reelfood,1
#lassi,1
#momochallenge,1
#momo,1
#thali,1
#carrotcake,1
#carrot,1
#gulabjamun,1
#foodcoma,1
#breakfastgoals,1
#travelfood,1
#southindianfood,1
#delhite,1
#gajarkahalwa,1
#dilsecouple❤️,1
#halwa,1
#olddelhi,1
#breadpakoda,1
#hardwork,1
#kolkata,1
#streefood,1
#chorafali,1
#ahmedabad,1
#icegola,1
#Black_Gold_platinum,1
#dosa,1
#amulbutter,1
#butter,1
#yummyfood,1
